question_id,question_version,status,deck_id,unit_id,question,choice1,choice2,choice3,choice4,correct_choice,explanation,source_id,source_locator,difficulty,importance,is_free,valid_from,valid_until,last_reviewed_at,supersedes_id,tags,notes_internal
DRONE-Q-000001,1,draft,drone_second_class_exam,drone_risk_management,無人航空機の運航における「ハザード」に該当するものはどれか。,事故等につながる可能性のある危険要素,運航の安全に影響する事象が発生する可能性,事故が起きた後に実際に生じた被害そのもの,,A,ハザードは、事故等につながる可能性のある危険要素を指す。これに対して、Bはリスクに相当する考え方であり、ハザードとは区別される。,MLIT-UAS-SAFETY-GUIDE-5,教則 第6章 6.1.4（教則表示ページ65 / PDF viewer 70）,2,2,false,2026-07-14,,2026-08-18,,,slot_id=VS-001; verification_state=author_source_verified; primary_role=DEEP_OBSERVED; kt_id=D4-T01-KT001; family=H1; independent_reviewed=false; subject_matter_expert_reviewed=false; release_approved=false
DRONE-Q-000002,1,draft,drone_second_class_exam,drone_rules,学校行事の空撮で、ある生徒が撮影に参加している。生徒は飛行目的の一部に関与し、操縦者から計画外の挙動があった場合の指示と安全上の注意を受け、内容も理解している。ただし、撮影への参加は学校側が割り当てており、生徒自身が参加するかどうかを決める機会はなかった。この生徒の扱いとして、最も適切なものはどれか。,飛行目的に関与しているため、本人による参加決定がなくても間接関与者として第三者に該当しない,本人が参加するか決められる条件を満たさないため、間接関与者とは扱えず第三者に該当する,指示と安全上の注意を理解しているため、本人による参加決定がなくても間接関与者として第三者に該当しない,,B,現行教則第5版では、間接関与者は飛行目的への関与、計画外挙動時の指示・安全上の注意とその理解、さらに本人が飛行目的へ関与するか自ら決定できることなど、列挙された条件を満たす者としている。本scenarioでは本人による参加決定の条件を満たしていない。,MLIT-UAS-SAFETY-GUIDE-5,教則 第3章 3.1.2(2)4)a(1)（教則表示ページ18–19 / PDF viewer 24–25）,2,2,false,2026-07-14,,2026-08-18,,,slot_id=VS-004; verification_state=author_source_verified; primary_role=DEEP_OBSERVED; kt_id=D1-T01-KT010; family=T1; independent_reviewed=false; subject_matter_expert_reviewed=false; release_approved=false
DRONE-Q-000003,1,draft,drone_second_class_exam,drone_operations,操縦者は同じ日に複数回の飛行を行い、疲労を感じ始めている。これまで操作ミスはなく、機体・気象・飛行経路にも問題は確認されていない。教則に沿った対応として、最も適切なものはどれか。,本人がまだ安全に操縦できると判断しているため、当初の運航予定を維持し、疲労は運航終了後に評価する,機体・気象・飛行経路に問題がないため、当初の飛行時間計画を維持し、各飛行終了後に疲労を評価する,疲労時は飛行を続ける判断に偏りやすいことを踏まえ、当初計画に固定せず飛行時間を管理する,,C,現行教則第5版は、操縦者には疲労を感じても飛行を継続してしまう傾向があるため、適切な飛行時間管理が必要としている。Aは本人の主観的な継続判断を、Bは当初計画をそれぞれ疲労管理より優先している。,MLIT-UAS-SAFETY-GUIDE-5,教則 第5章 5.3.1（教則表示ページ61 / PDF viewer 67）,2,2,false,2026-07-14,,2026-08-18,,,slot_id=VS-027; verification_state=author_source_verified; primary_role=BREADTH_OBSERVED; kt_id=D3-T03-KT001; family=Fatigue-management; independent_reviewed=false; subject_matter_expert_reviewed=false; release_approved=false
DRONE-Q-000004,1,draft,drone_second_class_exam,drone_systems,操縦者が送信機を操作したとき、その指令が機体の駆動系へ伝わる基本的な流れとして適切なものはどれか。,送信機 → 受信機 → メインコントローラー → モーターまたはサーボ,送信機 → メインコントローラー → 受信機 → モーターまたはサーボ,送信機 → GNSS → メインコントローラー → モーターまたはサーボ,,A,教則では、送信機から機体へ送られた指令を機体の受信機が受け取り、main controllerを介してmotorまたはservoを駆動するとしている。,MLIT-UAS-SAFETY-GUIDE-5,教則 第4章 4.4.3(1)（教則表示ページ44 / PDF viewer 50）,2,2,false,2026-07-14,,2026-08-18,,,slot_id=VS-039; verification_state=author_source_verified; primary_role=UNKNOWN_SENTINEL; kt_id=D2-T04-KT006; family=US-C; independent_reviewed=false; subject_matter_expert_reviewed=false; release_approved=false
DRONE-Q-000005,1,draft,drone_second_class_exam,drone_systems,飛行中に風の影響で無人航空機の機体が傾いた。フライトコントロールシステムによる姿勢制御の説明として適切なものはどれか。,GNSSが機体の回転角速度を検出し、その情報だけで姿勢を制御する,ジャイロセンサが機体の傾きや向きの変化を検出し、その情報をフライトコントロールシステムが姿勢制御に利用する,高度センサが機体の向きを検出し、単独で姿勢を制御する,,B,ジャイロセンサは回転角度の変化を検出し、風などで機体が傾いたときの傾きや向きの変化をFCSへ伝える。FCSではsensor情報を姿勢制御に利用する。,MLIT-UAS-SAFETY-GUIDE-5,教則 第4章 4.4.1（教則表示ページ41–42 / PDF viewer 47–48）,2,2,false,2026-07-14,,2026-08-18,,,slot_id=VS-069; verification_state=author_source_verified; primary_role=COVERAGE; kt_id=D2-T04-KT001; coverage=COV-25; sentinel_neighbor=US-C; independent_reviewed=false; subject_matter_expert_reviewed=false; release_approved=false
DRONE-Q-000006,1,draft,drone_second_class_exam,drone_risk_management,"あるハザードについて、発生する頻度は低いと予測されている一方、発生した場合には大きな被害が想定されている。担当者は、発生頻度が低いことを理由にリスクも低いと評価した。

教則の考え方に沿った見直しとして、最も適切なものはどれか。",発生頻度を中心にリスクを評価し、結果の重大性は対策を選ぶ段階で考慮する,予測される頻度と結果の重大性の双方を考慮してリスクを評価する,結果の重大性を中心にリスクを評価し、発生頻度はハザード特定の段階で扱う,,B,教則では、発生事象のリスクを、予測される頻度と結果の重大性の双方によって捉えている。どちらか一方だけを基準に評価する考え方ではない。,MLIT-UAS-SAFETY-GUIDE-5,教則 第6章 6.1.4（教則表示ページ65 / PDF viewer 71）,2,2,false,2026-07-14,,2026-08-18,,,slot_id=VS-002; verification_state=author_source_verified; primary_role=DEEP_OBSERVED; kt_id=D4-T01-KT001; family=H2; variant=primary; independent_reviewed=false; subject_matter_expert_reviewed=false; release_approved=false
DRONE-Q-000007,1,draft,drone_second_class_exam,drone_risk_management,"無人航空機の運航リスクを評価する記録で、ある事象について「発生した場合の被害の大きさ」は評価されているが、「どの程度の頻度で発生すると予測されるか」は評価されていなかった。

この評価の扱いとして最も適切なものはどれか。",被害の大きさが評価されていれば、リスクの計量に必要な情報は満たされている,発生頻度は対策実施後の確認に用いる情報なので、最初のリスク評価には含めなくてよい,予測される発生頻度も評価し、結果の重大性と合わせてリスクを捉える必要がある,,C,リスクの計量では、結果の重大性だけでなく、予測される頻度も考慮する。したがって、重大性だけを評価した状態では教則の示すリスク評価要素がそろっていない。,MLIT-UAS-SAFETY-GUIDE-5,教則 第6章 6.1.4（教則表示ページ65 / PDF viewer 71）,2,2,false,2026-07-14,,2026-08-18,,,slot_id=VS-003; verification_state=author_source_verified; primary_role=DEEP_OBSERVED; kt_id=D4-T01-KT001; family=H2; alternate_of=VS-002; independent_reviewed=false; subject_matter_expert_reviewed=false; release_approved=false
DRONE-Q-000008,1,draft,drone_second_class_exam,drone_risk_management,"あるハザードによるリスクを低減するため、安全対策を1つ実施した。担当者は「対策を実施したので、このリスクへの対応は完了した」として、それ以上リスクの状態を確認しなかった。

教則のリスク管理の考え方に沿うものはどれか。",対策後のリスクが許容可能な程度まで低減されているかを確認し、必要であればさらに対策を検討する,対策を1つ実施した時点で、そのリスクは許容可能になったものとして扱う,対策の実施状況だけを確認し、リスクの評価は対策前の状態をそのまま維持する,,A,教則が求めているのは、何らかの対策を実施したという事実ではなく、リスクを許容可能な程度まで低減することである。その水準に達していなければ、必要な対策を検討する必要がある。,MLIT-UAS-SAFETY-GUIDE-5,教則 第6章 6.1.5（教則表示ページ65 / PDF viewer 71）,2,2,false,2026-07-14,,2026-08-18,,,slot_id=VS-015; verification_state=author_source_verified; primary_role=DEEP_HELDOUT; kt_id=D4-T01-KT001; family=H5; independent_reviewed=false; subject_matter_expert_reviewed=false; release_approved=false
DRONE-Q-000009,1,draft,drone_second_class_exam,drone_risk_management,機材不具合をハザードとする運航について、機材不具合が発生する可能性そのものを低くすることを目的とした対策として、最も適切なものはどれか。,同型の予備機を現場に準備し、不具合時にも運航を継続できるようにする,不具合が発生した場合の連絡・報告手順を事前に整理する,信頼性の高い機材を使用する,,C,教則では、機材不具合による墜落リスクについて、信頼性の高い機材を使用することを、機材不具合の発生可能性を低減する対策の例として示している。,MLIT-UAS-SAFETY-GUIDE-5,教則 第6章 6.1.5（教則表示ページ65 / PDF viewer 71）,2,2,false,2026-07-14,,2026-08-18,,,slot_id=VS-021; verification_state=author_source_verified; primary_role=DEEP_REPLICATION_A; kt_id=D4-T01-KT001; family=H3; form=A; independent_reviewed=false; subject_matter_expert_reviewed=false; release_approved=false
DRONE-Q-000010,1,draft,drone_second_class_exam,drone_risk_management,"機材不具合による墜落リスクについて、対策の目的を「墜落が発生した場合の地上への被害を軽減すること」に置く。

この目的に最も合う対策はどれか。",墜落後の原因確認を行いやすくするため、飛行ログの保存項目を増やす,墜落時にパラシュートを使用し、地上への被害を低減する,事故発生後の初動を早めるため、関係者への連絡手順を詳細に定める,,B,教則では、事象発生による被害を軽減する対策の例として、墜落時にパラシュートを使用して地上への被害を低減することを示している。,MLIT-UAS-SAFETY-GUIDE-5,教則 第6章 6.1.5（教則表示ページ65 / PDF viewer 71）,2,2,false,2026-07-14,,2026-08-18,,,slot_id=VS-022; verification_state=author_source_verified; primary_role=DEEP_REPLICATION_B; kt_id=D4-T01-KT001; family=H4; form=B; independent_reviewed=false; subject_matter_expert_reviewed=false; release_approved=false
DRONE-Q-000011,1,draft,drone_second_class_exam,drone_rules,"ある飛行では、飛行範囲の外周からの保証された落下距離が8mである。この飛行に関与しない第三者が、飛行範囲の外周の最も近い点から外側へ5m離れた位置にいる。飛行経路はその第三者の直上を通らず、遮蔽物については考慮しないものとする。

第三者上空の扱いとして最も適切なものはどれか。",第三者上空には該当しない。第三者が飛行範囲の外側にいるため,第三者上空に該当する。第三者が機体の落下可能領域内にいるため,第三者上空には該当しない。飛行経路が第三者の直上を通らないため,,B,第三者上空は第三者の直上だけではなく、保証された落下距離を踏まえ、無人航空機が落下する可能性のある領域に第三者が存在する場合も含む。このscenarioでは第三者は外周から外側へ5m、保証落下距離は8mなので、落下可能領域内として扱う。,MLIT-UAS-SAFETY-GUIDE-5,教則 第3章 3.1.2(2)4)a(2)（教則表示ページ19 / PDF viewer 25）,2,2,false,2026-07-14,,2026-08-18,,,slot_id=VS-005; verification_state=author_source_verified; primary_role=DEEP_OBSERVED; kt_id=D1-T01-KT010; family=T2; variant=primary; independent_reviewed=false; subject_matter_expert_reviewed=false; release_approved=false
DRONE-Q-000012,1,draft,drone_second_class_exam,drone_rules,"飛行範囲の外周からの保証された落下距離が6mである。

飛行に関与しない第三者Xは、飛行範囲の外周の最も近い点から外側へ4m、第三者Yは、外側へ9m離れた位置にいる。どちらも飛行経路の直下ではなく、遮蔽物については考慮しないものとする。

第三者上空の判定として適切なものはどれか。",XとYの両方について、第三者上空に該当する,Yについてのみ、第三者上空に該当する,Xについてのみ、第三者上空に該当する,,C,保証落下距離は6mであるため、外周から外側へ4mのXは落下可能領域内に位置する。一方、外側へ9mのYはこの条件では落下可能領域外となる。第三者上空は飛行経路の直下だけで判断するものではない。,MLIT-UAS-SAFETY-GUIDE-5,教則 第3章 3.1.2(2)4)a(2)（教則表示ページ19 / PDF viewer 25）,2,2,false,2026-07-14,,2026-08-18,,,slot_id=VS-006; verification_state=author_source_verified; primary_role=DEEP_OBSERVED; kt_id=D1-T01-KT010; family=T2; alternate_of=VS-005; independent_reviewed=false; subject_matter_expert_reviewed=false; release_approved=false
DRONE-Q-000013,1,draft,drone_second_class_exam,drone_rules,"飛行に関与しない第三者が、無人航空機の落下可能領域内にある停止中の車両の内部にいる。この車両は、無人航空機が衝突した場合にも内部の第三者を保護できる状態にある。

第三者上空の扱いとして最も適切なものはどれか。",第三者上空とはみなさない。遮蔽物に覆われ、衝突時にも第三者が保護される状況だから,第三者上空とみなす。落下可能領域内に第三者がいるという条件だけで判定するから,第三者上空とみなす。遮蔽物による扱いは建物内部に限られ、停止中の車両内部は含まれないから,,A,第三者が遮蔽物に覆われ、機体がその遮蔽物へ衝突しても第三者が保護される状況では、第三者上空とはみなさない場合がある。教則は例として屋内や移動中ではない車両等の内部を挙げている。,MLIT-UAS-SAFETY-GUIDE-5,教則 第3章 3.1.2(2)4)a(2)①（教則表示ページ19 / PDF viewer 25）,2,2,false,2026-07-14,,2026-08-18,,,slot_id=VS-016; verification_state=author_source_verified; primary_role=DEEP_HELDOUT; kt_id=D1-T01-KT010; family=T3; ordinary_shielding_exception=true; level_3_5=false; independent_reviewed=false; subject_matter_expert_reviewed=false; release_approved=false
DRONE-Q-000014,1,draft,drone_second_class_exam,drone_systems,"飛行中、GNSSの測位精度が不安定になった。捕捉している衛星数は十分で、受信環境のノイズも大きくない。一方、周囲の建物で反射した衛星信号が、複数の経路から受信機へ届いている。

この状況から直接読み取れる、測位精度へ影響している要因として最も適切なものはどれか。",GNSS衛星の時計の精度,受信環境のノイズ,障害物等によるマルチパス,,C,教則ではmultipathをGNSS測位精度へ影響する要因の一つとしている。またmultipathとは、建物等による反射・屈折などにより信号が複数の経路を通って伝搬する現象である。今回のscenarioで直接示されているのはこの状態である。,MLIT-UAS-SAFETY-GUIDE-5,教則 第4章 4.5.3(3)（教則表示ページ50 / PDF viewer 56）; supporting 4.5.1(1)2)（教則表示ページ47 / PDF viewer 53）,2,2,false,2026-07-14,,2026-08-18,,,slot_id=VS-007; verification_state=author_source_verified; primary_role=DEEP_OBSERVED; kt_id=D2-T05-KT011; family=G1; variant=primary; independent_reviewed=false; subject_matter_expert_reviewed=false; release_approved=false
DRONE-Q-000015,1,draft,drone_second_class_exam,drone_systems,同じ無人航空機を使用する場合、GNSS測位の精度について教則の説明に最も合うものはどれか。,自動操縦では、手動操作より高精度なGNSS測位が必要になる,手動操作では、自動操縦より高精度なGNSS測位が必要になる,自動操縦と手動操作で、必要なGNSS測位精度に違いはない,,A,教則は、自動操縦では手動操作より高精度なGNSS測位が必要としている。,MLIT-UAS-SAFETY-GUIDE-5,教則 第4章 4.5.3(3)（教則表示ページ50 / PDF viewer 56）,2,2,false,2026-07-14,,2026-08-18,,,slot_id=VS-008; verification_state=author_source_verified; primary_role=DEEP_OBSERVED; kt_id=D2-T05-KT011; family=G2; independent_reviewed=false; subject_matter_expert_reviewed=false; release_approved=false
DRONE-Q-000016,1,draft,drone_second_class_exam,drone_systems,"同じ無人航空機のGNSS受信状態を、同じ時間帯に2か所で確認した。

地点Pは上空が開け、周囲に大きな建物が少ない。地点Qは周囲に建物が多く、建物で反射した衛星信号が複数の経路から受信機へ届き得る環境である。捕捉している衛星数と受信環境のノイズには、2地点で大きな差は確認されていない。

地点QでGNSS測位精度が悪化した場合、この状況から直接考えられる要因として最も適切なものはどれか。",捕捉しているGNSS衛星数の違い,障害物等によるマルチパス,受信環境のノイズの違い,,B,地点Qでは建物で反射した衛星信号が複数経路から届き得ることが示されている。教則では、このようなmultipathをGNSS測位精度に影響する要因としている。捕捉衛星数とnoiseには大きな差がないという条件から、今回のscenarioで直接示されている要因はmultipathである。,MLIT-UAS-SAFETY-GUIDE-5,教則 第4章 4.5.3(3)（教則表示ページ50 / PDF viewer 56）; supporting 4.5.1(1)2)（教則表示ページ47 / PDF viewer 53）,2,2,false,2026-07-14,,2026-08-18,,,slot_id=VS-009; verification_state=author_source_verified; primary_role=DEEP_OBSERVED; kt_id=D2-T05-KT011; family=G1; alternate_of=VS-007; independent_reviewed=false; subject_matter_expert_reviewed=false; release_approved=false
DRONE-Q-000017,1,draft,drone_second_class_exam,drone_systems,"あらかじめ地図上でWaypointを設定して自動飛行しているとき、GNSSの測位精度が悪化した。精度悪化の原因そのものは既に特定済みとする。

このとき考慮すべき影響として最も適切なものはどれか。",実際の飛行経路は変わらず、記録される位置情報だけの誤差が大きくなる,操縦入力への応答だけが遅くなり、Waypointに対する位置誤差には影響しない,設定したWaypointに対する実際の飛行経路の誤差が大きくなり得る,,C,あらかじめ設定したWaypointはGNSSの測位精度の影響を受けるため、測位精度が悪化すると実際の飛行経路の誤差が大きくなり得る。,MLIT-UAS-SAFETY-GUIDE-5,教則 第4章 4.5.3(3)（教則表示ページ50 / PDF viewer 56）,2,2,false,2026-07-14,,2026-08-18,,,slot_id=VS-017; verification_state=author_source_verified; primary_role=DEEP_HELDOUT; kt_id=D2-T05-KT011; family=G3; independent_reviewed=false; subject_matter_expert_reviewed=false; release_approved=false
